,Week_date,Number of Sessions,Average Session Length,Number of Unique Clients,TB Downloaded,TB Uploaded,Cumulative Bandwidth Utilization To Date (TB),Cumulative Sessions To Date,Cumulative Subscribers To Date,sessions_outlier,sessions_per_client,activated,converted,data_usage_per_client(MG),seasonal_cohort,year,quarter,High_value,utility_usage_week,utility_segments
0,2020-01-05 05:00:00+00:00,23086410,00:04:07,683250,121.01,12.67,14353.83,2251215052,8461839,True,33.78911086717893,True,False,5.790419558519493,Winter,2020,1,False,False,Convenient Weeks
1,2020-01-12 05:00:00+00:00,23584159,00:04:07,640118,116.52,11.14,14501.59,2284581863,8502485,True,36.84345542540594,True,False,5.412955365506144,Winter,2020,1,False,False,Convenient Weeks
2,2020-01-19 05:00:00+00:00,22004022,00:04:07,592715,114.5,10.52,14626.62,2306585885,8536567,True,37.12411867423635,True,False,5.681688556755669,Winter,2020,1,False,False,Convenient Weeks
3,2020-01-26 05:00:00+00:00,20245042,00:04:15,602685,118.05,10.13,14754.79,2326830927,8571523,True,33.59141508416503,True,False,6.331426726602987,Winter,2020,1,False,False,Convenient Weeks
4,2020-02-02 05:00:00+00:00,22356460,00:04:11,617337,120.69,10.94,14886.42,2349187387,8615640,True,36.21435293850846,True,False,5.8877836652135445,Winter,2020,1,False,False,Convenient Weeks
5,2020-02-09 05:00:00+00:00,21393239,00:04:12,618210,121.23,10.85,15018.51,2370580626,8654392,True,34.605132560133285,True,False,6.173913169483126,Winter,2020,1,False,False,Convenient Weeks
6,2020-02-16 05:00:00+00:00,21011376,00:04:14,612385,120.84,10.62,15149.96,2391592002,8694067,True,34.31072936143113,True,False,6.256610704601165,Winter,2020,1,False,False,Convenient Weeks
7,2020-02-23 05:00:00+00:00,22624158,00:04:13,596994,122.66,11.11,15283.73,2414216160,8739567,True,37.896792932592284,True,False,5.912706231984412,Winter,2020,1,False,False,Convenient Weeks
8,2020-03-01 05:00:00+00:00,22771143,00:04:14,609346,123.4,10.53,15418.32,2436987303,8783301,True,37.36980795804026,True,False,5.881566858545485,Spring,2020,1,False,False,Convenient Weeks
9,2020-03-08 05:00:00+00:00,22365295,00:04:13,601616,120.74,11.2,15549.59,2459352598,8822702,True,37.17536601420175,True,False,5.899318564767422,Spring,2020,1,False,False,Convenient Weeks
10,2020-03-15 04:00:00+00:00,20527249,00:04:23,550203,121.56,10.65,15681.81,2479879847,8853950,True,37.308500680657865,True,False,6.440707179028228,Spring,2020,1,False,False,Convenient Weeks
11,2020-03-22 04:00:00+00:00,7590442,00:05:18,357837,58.84,4.62,15745.26,2487470289,8865469,False,21.212009937485504,False,False,8.360514446984773,Spring,2020,1,False,False,Quality sessions
12,2020-03-29 04:00:00+00:00,4738574,00:06:13,269303,92.16,6.85,15844.27,2492208863,8872365,False,17.595697040136947,False,False,20.894471627962332,Spring,2020,1,False,True,Quality sessions
13,2020-04-05 04:00:00+00:00,4589253,00:06:20,254145,92.44,6.93,15943.64,2496798116,8879407,False,18.057616714867496,False,False,21.652761353536185,Spring,2020,2,False,True,Quality sessions
14,2020-04-12 04:00:00+00:00,4445147,00:06:24,243298,94.8,7.37,16045.8,2501305588,8886409,False,18.270380356599727,False,False,22.984616706714085,Spring,2020,2,False,True,Quality sessions
15,2020-04-19 04:00:00+00:00,4507472,00:06:19,243055,88.74,6.93,16141.47,2505750735,8893373,False,18.54507004587439,False,False,21.22475746937529,Spring,2020,2,False,True,Quality sessions
16,2020-04-26 04:00:00+00:00,4461598,00:06:21,242168,89.45,7.08,16238.0,2510212333,8900552,False,18.423565458689836,False,False,21.635745757461788,Spring,2020,2,False,True,Quality sessions
17,2020-05-03 04:00:00+00:00,4833406,00:05:57,255054,87.91,6.9,16332.8,2515045739,8908590,False,18.950520281979504,False,False,19.615567159059264,Spring,2020,2,False,False,Quality sessions
18,2020-05-10 04:00:00+00:00,4888953,00:06:00,254860,88.18,6.84,16427.82,2519934692,8916603,False,19.18289649219179,False,False,19.43565421880718,Spring,2020,2,False,False,Quality sessions
19,2020-05-17 04:00:00+00:00,5169365,00:05:50,262307,86.68,6.93,16521.43,2525104057,8925582,False,19.707308611664956,False,False,18.10860715000779,Spring,2020,2,False,False,Quality sessions
20,2020-05-24 04:00:00+00:00,5272603,00:05:44,268006,83.89,6.45,16611.78,2530376660,8935352,False,19.673451340641627,False,False,17.13385210303146,Spring,2020,2,False,False,Quality sessions
21,2020-05-31 04:00:00+00:00,5633095,00:05:30,280269,81.22,6.77,16699.77,2536009755,8946391,False,20.098887140568525,False,False,15.620187481304683,Spring,2020,2,False,False,Quality sessions
22,2020-06-07 04:00:00+00:00,8168000,00:05:15,320719,104.97,9.17,16813.91,2544177755,8955241,False,25.4677770883546,False,False,13.974045053868757,Summer,2020,2,False,False,Quality sessions
23,2020-06-14 04:00:00+00:00,6163299,00:05:05,293302,77.93,6.55,16898.4,2550341054,8964884,False,21.013491213834204,False,False,13.706944933224884,Summer,2020,2,False,False,Quality sessions
24,2020-06-21 04:00:00+00:00,6389732,00:05:04,302763,82.46,6.94,16987.8,2556730786,8974670,False,21.10473208417145,False,False,13.991197126890453,Summer,2020,2,False,False,Quality sessions
25,2020-06-28 04:00:00+00:00,6724902,00:04:59,313709,79.52,6.95,17074.26,2563455688,8983785,False,21.436751894271442,False,False,12.85817994076345,Summer,2020,2,False,False,Convenient Weeks
26,2020-07-05 04:00:00+00:00,6927619,00:04:45,320317,74.27,6.33,17154.87,2570383307,8993007,False,21.62738474698502,False,False,11.63458902690809,Summer,2020,3,False,False,Convenient Weeks
27,2020-07-12 04:00:00+00:00,6798038,00:04:42,321109,69.56,6.13,17230.57,2577181345,8999948,False,21.170499736849482,False,False,11.134094866783622,Summer,2020,3,False,False,Convenient Weeks
28,2020-07-19 04:00:00+00:00,6441690,00:04:39,336224,72.29,6.56,17309.42,2590475174,9012106,False,19.158923812696298,False,False,12.240576618868653,Summer,2020,3,False,False,Convenient Weeks
29,2020-07-26 04:00:00+00:00,6852139,00:04:48,326115,79.36,6.25,17395.02,2584033484,9023383,False,21.01141928460819,False,False,12.493908836350226,Summer,2020,3,False,False,Convenient Weeks
30,2020-08-02 04:00:00+00:00,6446406,00:04:47,333403,65.66,6.06,17466.75,2596921580,9034477,False,19.335176948017864,False,False,11.1255791211413,Summer,2020,3,False,False,Convenient Weeks
31,2020-08-09 04:00:00+00:00,6389489,00:04:49,331488,70.0,6.35,17543.09,2603311069,9037870,False,19.275174365286226,False,False,11.949312378501629,Summer,2020,3,False,False,Convenient Weeks
32,2020-08-16 04:00:00+00:00,6351869,00:04:46,324810,75.13,6.7,17624.92,2609662938,9059026,False,19.55564483852098,False,False,12.882822362992687,Summer,2020,3,False,False,Convenient Weeks
33,2020-08-23 04:00:00+00:00,6676620,00:04:45,333338,77.1,7.06,17709.09,2616339558,9048666,False,20.0295795858858,False,False,12.605180465564912,Summer,2020,3,False,False,Convenient Weeks
34,2020-08-30 04:00:00+00:00,6687770,00:04:44,332705,76.45,7.09,17792.63,2623027328,9084170,False,20.10120076343908,False,False,12.491458288786845,Summer,2020,3,False,False,Convenient Weeks
35,2020-09-06 04:00:00+00:00,6834866,00:04:43,340704,75.06,7.08,17874.77,2629862194,9072014,False,20.061008969662815,False,False,12.017792301999776,Fall,2020,3,False,False,Convenient Weeks
36,2020-09-13 04:00:00+00:00,6204376,00:05:43,340440,75.5,7.13,17957.39,2636066570,9095367,False,18.2245799553519,False,False,13.31801941081585,Fall,2020,3,False,False,Quality sessions
37,2020-09-20 04:00:00+00:00,6392008,00:05:56,374923,78.78,6.85,18044.12,2642458578,9108566,False,17.048855364968272,False,False,13.396416274823185,Fall,2020,3,False,False,Quality sessions
38,2020-09-27 04:00:00+00:00,6442356,00:05:56,402303,73.72,7.95,18124.68,2648900934,9123892,False,16.013691173071045,False,False,12.677039269484641,Fall,2020,3,False,False,Quality sessions
39,2020-10-04 04:00:00+00:00,6285801,00:05:51,384666,69.92,6.22,18200.82,2655181307,9138404,False,16.340932133331254,False,False,12.113014713637927,Fall,2020,4,False,False,Quality sessions
40,2020-10-11 04:00:00+00:00,6280373,00:05:51,373292,68.53,5.76,18275.11,2661467108,9152562,False,16.824290367862154,False,False,11.82891525710336,Fall,2020,4,False,False,Quality sessions
41,2020-10-18 04:00:00+00:00,5874135,00:05:52,359705,65.2,6.26,18346.57,2667341243,9164578,False,16.330423541513184,False,False,12.165195386214313,Fall,2020,4,False,False,Quality sessions
42,2020-10-25 04:00:00+00:00,6274887,00:05:51,368374,71.23,7.19,18424.99,2673616130,9178012,False,17.034011629485253,False,False,12.49743620881141,Fall,2020,4,False,False,Quality sessions
43,2020-11-01 04:00:00+00:00,5978116,00:05:46,368236,71.69,7.82,18504.5,2679594246,9189753,False,16.234469199100577,False,False,13.300176845012707,Fall,2020,4,False,False,Quality sessions
44,2020-11-08 05:00:00+00:00,6333555,00:05:40,417195,74.61,6.71,18585.82,2685927801,9205391,False,15.181282134253767,False,False,12.839550615728449,Fall,2020,4,False,False,Quality sessions
45,2020-11-15 05:00:00+00:00,6053652,00:05:43,390323,71.36,7.33,18664.51,2691981453,9219907,False,15.509339700709413,False,False,12.998765042985623,Fall,2020,4,False,False,Quality sessions
46,2020-11-22 05:00:00+00:00,5932215,00:05:45,380393,72.73,6.77,18744.02,2697913668,9233024,False,15.594963629719789,False,False,13.4014023429697,Fall,2020,4,False,False,Quality sessions
47,2020-11-29 05:00:00+00:00,4988340,00:05:47,374868,62.95,6.55,18813.51,2702902008,9245113,False,13.306924037261116,False,False,13.932490568004587,Fall,2020,4,False,False,Quality sessions
48,2020-12-06 05:00:00+00:00,5772250,00:05:43,376273,72.31,6.08,18891.9,2708674258,9257319,False,15.340590475532393,False,False,13.58049287539521,Winter,2020,4,False,False,Quality sessions
49,2020-12-13 05:00:00+00:00,5970896,00:05:45,376212,70.82,6.83,18969.55,2714645154,9274071,False,15.871093957662168,False,False,13.004748366074368,Winter,2020,4,False,False,Quality sessions
50,2020-12-20 05:00:00+00:00,5179261,00:05:54,345424,65.52,5.53,19040.6,2719824415,9287019,False,14.993923410069943,False,False,13.718173306964063,Winter,2020,4,False,False,Quality sessions
51,2020-12-27 05:00:00+00:00,5340185,00:05:47,356229,61.49,5.26,19107.34,2725164600,9302150,False,14.990876655185287,False,False,12.499566962567776,Winter,2020,4,False,False,Quality sessions
52,2021-01-03 05:00:00+00:00,5257965,00:05:52,348002,59.99,5.73,19173.06,2730422565,9317463,False,15.10900799420693,False,False,12.499132268853064,Winter,2021,1,False,False,Quality sessions
53,2021-01-10 05:00:00+00:00,5546857,00:05:48,347334,63.43,5.53,19242.02,2735969422,9331406,False,15.969807159679156,False,False,12.43226569569037,Winter,2021,1,False,False,Quality sessions
54,2021-01-17 05:00:00+00:00,5489486,00:05:57,349506,70.73,5.98,19318.74,2741458908,9345447,False,15.706414196036691,False,False,13.973985906877259,Winter,2021,1,False,False,Quality sessions
55,2021-01-24 05:00:00+00:00,5380109,00:05:57,345502,66.73,6.22,19391.69,2746839017,9358336,False,15.571860654931086,False,False,13.559204841388901,Winter,2021,1,False,False,Quality sessions
56,2021-01-31 05:00:00+00:00,5162302,00:06:05,339770,69.18,8.25,19469.12,2752001319,9369957,False,15.193519145304176,False,False,14.999122484504007,Winter,2021,1,False,False,Quality sessions
57,2021-02-07 05:00:00+00:00,4740848,00:06:07,317993,63.78,7.18,19540.07,2756742167,9380112,False,14.908655221970294,False,False,14.967786353833748,Winter,2021,1,False,False,Quality sessions
58,2021-02-14 05:00:00+00:00,5301324,00:06:05,343617,66.74,7.06,19613.87,2762043491,9392503,False,15.428002689040413,False,False,13.921050665833667,Winter,2021,1,False,False,Quality sessions
59,2021-02-21 05:00:00+00:00,4788654,00:06:07,361003,57.58,4.66,19676.12,2766832145,9401011,False,13.264859294798104,False,False,12.997389245495706,Winter,2021,1,False,False,Quality sessions
60,2021-02-28 05:00:00+00:00,5090012,00:05:59,396149,60.81,6.15,19743.08,2771922157,9413643,False,12.84873115923554,False,False,13.155175272671265,Winter,2021,1,False,False,Quality sessions
61,2021-03-07 05:00:00+00:00,5713874,00:05:57,358961,67.11,6.67,19816.86,2777636031,9427974,False,15.917812798604862,False,False,12.91243034060604,Spring,2021,1,False,False,Quality sessions
62,2021-03-14 05:00:00+00:00,6188833,00:05:50,365769,65.22,6.56,19888.64,2783824864,9444023,False,16.92005883494774,False,False,11.598309406636114,Spring,2021,1,False,False,Quality sessions
63,2021-03-21 04:00:00+00:00,5983309,00:05:57,353954,61.45,6.2,19956.28,2789808173,9457963,False,16.90419941574329,False,False,11.306452666910568,Spring,2021,1,False,False,Quality sessions
64,2021-03-28 04:00:00+00:00,5838725,00:05:51,365168,59.03,6.35,20021.66,2795646898,9471009,False,15.989147460894712,False,False,11.197650171912532,Spring,2021,1,False,False,Quality sessions
65,2021-04-04 04:00:00+00:00,5648212,00:05:49,363226,63.21,6.72,20091.59,2801295110,9483600,False,15.55013132319823,False,False,12.38090921516402,Spring,2021,2,False,False,Quality sessions
66,2021-04-11 04:00:00+00:00,6221739,00:05:47,370636,65.31,6.53,20163.43,2807516849,9500218,False,16.786655910381075,False,False,11.546611003772417,Spring,2021,2,False,False,Quality sessions
67,2021-04-18 04:00:00+00:00,6214652,00:05:43,372583,61.77,5.43,20230.63,2813731501,9516230,False,16.679912932152032,False,False,10.813155748704835,Spring,2021,2,False,False,Quality sessions
68,2021-04-25 04:00:00+00:00,6518892,00:05:42,377528,68.87,7.64,20307.14,2820250393,9532396,False,17.267307325549364,False,False,11.736657088351825,Spring,2021,2,False,False,Quality sessions
69,2021-05-02 04:00:00+00:00,6758954,00:05:36,386712,64.87,6.5,20378.51,2827009347,9549230,False,17.47800430294379,False,False,10.559326191597101,Spring,2021,2,False,False,Quality sessions
70,2021-05-09 04:00:00+00:00,5605557,00:05:35,379065,55.56,6.62,20440.69,2832614904,9564366,False,14.787851687705276,False,False,11.092564039577155,Spring,2021,2,False,False,Quality sessions
71,2021-05-16 04:00:00+00:00,7057845,00:05:32,402584,63.66,7.32,20511.67,2839672749,9582801,False,17.531359914949427,False,False,10.056894136949733,Spring,2021,2,False,False,Quality sessions
72,2021-05-23 04:00:00+00:00,5556566,00:04:23,385352,45.6,4.85,20562.12,2845229315,9599681,False,14.419455458905105,False,False,9.079348648067889,Spring,2021,2,False,False,Convenient Weeks
73,2021-05-30 04:00:00+00:00,6765640,00:04:53,395566,56.93,6.55,20625.6,2851994955,9617639,False,17.103694453011634,False,False,9.382704370909478,Spring,2021,2,False,False,Convenient Weeks
74,2021-06-06 04:00:00+00:00,7525005,00:04:15,415191,63.79,6.29,20695.68,2859519960,9637921,False,18.12420066908965,False,False,9.312950622624172,Summer,2021,2,False,False,Convenient Weeks
75,2021-06-13 04:00:00+00:00,7944214,00:04:09,423948,64.06,6.38,20766.13,2867464174,9657913,False,18.73865191013992,False,False,8.866830626667408,Summer,2021,2,False,False,Convenient Weeks
76,2021-06-20 04:00:00+00:00,7943219,00:04:55,429850,60.32,5.58,20832.02,2875407393,9680498,False,18.479048505292543,False,False,8.29638462693777,Summer,2021,2,False,False,Convenient Weeks
77,2021-06-27 04:00:00+00:00,7512627,00:05:28,453555,53.0,5.13,20890.14,2882920020,9699767,False,16.56387207725634,False,False,7.737639576675376,Summer,2021,2,False,False,Quality sessions
78,2021-07-04 04:00:00+00:00,7430943,00:05:17,417960,50.68,4.57,20945.39,2890350963,9718278,False,17.779076945162217,False,False,7.435126335917259,Summer,2021,3,False,False,Quality sessions
79,2021-07-11 04:00:00+00:00,7812188,00:04:51,423095,54.62,5.24,21005.25,2898163151,9741563,False,18.464382703648116,False,False,7.662386005047497,Summer,2021,3,False,False,Convenient Weeks
80,2021-07-18 04:00:00+00:00,8543783,00:04:33,499009,55.54,5.58,21066.37,2906697934,9765548,False,17.121500814614567,False,False,7.153739742687753,Summer,2021,3,False,False,Convenient Weeks
81,2021-07-25 04:00:00+00:00,7047559,00:04:39,475745,53.57,5.51,21125.45,2913745493,9788767,False,14.813732146422979,False,False,8.383044398776939,Summer,2021,3,False,False,Convenient Weeks
82,2021-08-01 04:00:00+00:00,7644607,00:04:21,402898,50.8,5.14,21181.39,2921390100,9809524,False,18.97405050409781,False,False,7.317576953269148,Summer,2021,3,False,False,Convenient Weeks
83,2021-08-08 04:00:00+00:00,7765908,00:04:06,410928,67.07,6.56,21255.02,2929156008,9830942,False,18.89846396449013,False,False,9.48118365553648,Summer,2021,3,False,False,Convenient Weeks
84,2021-08-15 04:00:00+00:00,7894787,00:04:17,435251,51.54,6.55,21313.12,2937050795,9848073,False,18.138469526778803,False,False,7.35801991871345,Summer,2021,3,False,False,Convenient Weeks
85,2021-08-22 04:00:00+00:00,9208116,00:03:34,430609,50.27,5.04,21368.42,2946258911,9870612,False,21.38393763251581,False,False,6.006657605095331,Summer,2021,3,False,False,Convenient Weeks
86,2021-08-29 04:00:00+00:00,8777860,00:03:43,438745,48.16,4.51,21421.1,2955036771,9892788,False,20.006746515629807,False,False,6.000323541273157,Summer,2021,3,False,False,Convenient Weeks
87,2021-09-05 04:00:00+00:00,7957774,00:04:05,441150,49.6,4.65,21475.35,2962994545,9915482,False,18.038703388869997,False,False,6.817233060401062,Fall,2021,3,False,False,Convenient Weeks
88,2021-09-12 04:00:00+00:00,8393949,00:04:07,450115,50.49,6.39,21532.23,2971388494,9940897,False,18.648454283905224,False,False,6.77630993469224,Fall,2021,3,False,False,Convenient Weeks
89,2021-09-19 04:00:00+00:00,8783401,00:04:03,463737,52.21,5.42,21589.86,2980171895,9967568,False,18.940479194025926,False,False,6.561239774889021,Fall,2021,3,False,False,Convenient Weeks
90,2021-09-26 04:00:00+00:00,9730824,00:03:56,479825,59.4,5.75,21655.01,2989902719,9996238,False,20.279943729484707,False,False,6.695219233232459,Fall,2021,3,False,False,Convenient Weeks
91,2021-10-04 04:00:00+00:00,4136082,00:20:17,228355,89.97,15.57,22280.49,2936893666,10023338,False,18.112509031989664,False,False,25.516902227760472,Fall,2021,4,False,True,Quality sessions
92,2021-10-10 04:00:00+00:00,4058686,00:20:28,228253,92.45,15.95,22388.89,2940952352,10048619,False,17.781523134416634,False,False,26.708151357360485,Fall,2021,4,False,True,Quality sessions
93,2021-10-17 04:00:00+00:00,4054532,00:20:58,230096,92.83,16.21,22497.93,2945006884,10074139,False,17.62104512898964,False,False,26.893362785150046,Fall,2021,4,False,True,Quality sessions
94,2021-10-24 04:00:00+00:00,4128091,00:20:49,229724,98.83,17.8,22731.19,2953263066,10120947,False,17.969785481708485,False,False,28.252768652629022,Fall,2021,4,False,True,Quality sessions
95,2021-10-31 04:00:00+00:00,4083027,00:20:44,228907,97.02,17.02,22842.63,2957301029,10143363,False,17.837056097017566,False,False,27.93025860470675,Fall,2021,4,False,True,Quality sessions
96,2021-11-07 04:00:00+00:00,4076435,00:20:53,230943,98.59,18.25,22961.86,2961361039,10166503,False,17.6512602676851,False,False,28.66229928847142,Fall,2021,4,False,True,Quality sessions
97,2021-11-14 05:00:00+00:00,4154634,00:21:04,234881,105.43,19.07,22969.34,2961429568,10170958,False,17.68825064607184,False,False,29.96653856874035,Fall,2021,4,False,True,Quality sessions
98,2021-11-21 05:00:00+00:00,4237874,00:21:04,238560,100.66,17.75,23087.39,2965657060,10198305,False,17.76439470154259,False,False,27.94089677984763,Fall,2021,4,False,True,Quality sessions
99,2021-11-28 05:00:00+00:00,3775898,00:21:18,234001,89.91,15.08,23192.83,2969423283,10226863,False,16.136247280994525,False,False,27.805306181469945,Fall,2021,4,False,True,Quality sessions
100,2021-12-05 05:00:00+00:00,4273933,00:21:16,243546,105.39,17.2,23315.14,2973686567,10258670,False,17.548771074047615,False,False,28.683182445770676,Winter,2021,4,False,True,Quality sessions
101,2021-12-12 05:00:00+00:00,4401032,00:21:25,243384,105.25,17.8,23437.87,2978074813,10289652,False,18.08266771850245,False,False,27.959351352137407,Winter,2021,4,False,True,Quality sessions
102,2021-12-19 05:00:00+00:00,4280458,00:21:35,238392,107.81,17.33,23562.68,2982343734,10318906,False,17.955543810194975,False,False,29.235189318526196,Winter,2021,4,False,True,Quality sessions
103,2021-12-26 05:00:00+00:00,3718831,00:21:54,226217,93.79,16.58,23672.77,2986050555,10351030,False,16.439219864112776,False,False,29.678681284521936,Winter,2021,4,False,True,Quality sessions
104,2022-01-02 05:00:00+00:00,3866501,00:22:11,228609,95.01,18.04,23785.43,2989904252,10392618,False,16.913161774033394,False,False,29.23832167636838,Winter,2022,1,False,True,Quality sessions
105,2022-01-09 05:00:00+00:00,3477266,00:22:09,217029,88.87,14.91,23888.92,2993372440,10414111,False,16.022126075317125,False,False,29.84528649807061,Winter,2022,1,False,True,Quality sessions
106,2022-01-16 05:00:00+00:00,3345285,00:22:18,206094,91.86,14.67,23995.19,2996708593,10431711,False,16.231840810503943,False,False,31.844820396468464,Winter,2022,1,False,True,Quality sessions
107,2022-01-23 05:00:00+00:00,3372595,00:22:10,206728,98.68,14.62,24108.14,3000070573,10449897,False,16.31416644092721,False,False,33.59430942642091,Winter,2022,1,False,True,Quality sessions
108,2022-01-30 05:00:00+00:00,3357235,00:22:16,204380,98.56,14.63,24221.09,3003418699,10466807,False,16.42643605049418,False,False,33.71524483689703,Winter,2022,1,False,True,Quality sessions
109,2022-02-06 05:00:00+00:00,3478457,00:21:59,211075,94.43,14.54,24330.07,3006897156,10486128,False,16.4797204785029,False,False,31.32710854266705,Winter,2022,1,False,True,Quality sessions
110,2022-02-13 05:00:00+00:00,3818432,00:21:49,219243,97.87,16.2,24444.14,3010715588,10509510,False,17.41643746892717,False,False,29.87351876372291,Winter,2022,1,False,True,Quality sessions
111,2022-02-20 05:00:00+00:00,3828421,00:22:01,218063,98.7,15.48,24557.28,3014508154,10530559,False,17.556490555481673,False,False,29.82430615650682,Winter,2022,1,False,True,Quality sessions
112,2022-02-27 05:00:00+00:00,3702101,00:22:15,217733,102.56,15.5,24674.42,3018169953,10557298,False,17.0029393798827,False,False,31.88999975959597,Winter,2022,1,False,True,Quality sessions
113,2022-03-06 05:00:00+00:00,4022287,00:21:59,226351,102.97,15.88,24792.04,3022149044,10583572,False,17.77013134468149,False,False,29.54786667385992,Spring,2022,1,False,True,Quality sessions
114,2022-03-13 05:00:00+00:00,3894963,00:22:04,222794,101.75,16.29,24909.12,3026011170,10608217,False,17.482351409822527,False,False,30.305807783026435,Spring,2022,1,False,True,Quality sessions
115,2022-03-20 04:00:00+00:00,4241789,00:22:12,232342,109.1,18.57,25035.7,3030214659,10641759,False,18.256660440213135,False,False,30.098149625075642,Spring,2022,1,False,True,Quality sessions
116,2022-03-27 04:00:00+00:00,4164598,00:22:11,232452,106.1,17.65,25158.54,3034343235,10671938,False,17.915948238776178,False,False,29.714752780460444,Spring,2022,1,False,True,Quality sessions
117,2022-04-03 04:00:00+00:00,4083721,00:22:10,231675,105.11,17.03,25279.69,3038391499,100700585,False,17.62693859933096,False,False,29.908997211121914,Spring,2022,2,False,True,Quality sessions
118,2022-04-10 04:00:00+00:00,4279006,00:22:11,238727,110.42,18.56,25407.67,3042629988,10736221,False,17.924264955367427,False,False,30.14251440638316,Spring,2022,2,False,True,Quality sessions
119,2022-04-17 04:00:00+00:00,4786945,00:22:16,258440,119.1,21.31,25546.79,3047374001,10785837,False,18.52246169323634,True,False,29.33185988140662,Spring,2022,2,False,True,Engaged Week
120,2022-04-24 04:00:00+00:00,4353342,00:22:17,246063,115.45,19.35,25680.37,3051714883,10824042,False,17.6919813218566,True,False,30.964716303015017,Spring,2022,2,False,True,Engaged Week
121,2022-05-01 04:00:00+00:00,2659102,00:21:46,206636,66.64,11.28,25758.28,3054372740,10843270,False,12.868532104763933,False,False,29.30312564166399,Spring,2022,2,False,True,Quality sessions
122,2022-05-08 04:00:00+00:00,1651913,00:24:30,90637,68.2,10.47,25837.26,3056046274,10977991,False,18.225592197446957,False,False,47.623573396419786,Spring,2022,2,False,True,Quality sessions
123,2022-05-15 04:00:00+00:00,2079612,00:24:11,110110,79.56,12.13,25928.95,3058125643,11030871,False,18.886676959404234,False,False,44.08995524165085,Spring,2022,2,False,True,Quality sessions
124,2022-05-22 04:00:00+00:00,2412784,00:23:59,129313,81.45,12.83,26023.28,3060565255,11083833,False,18.65847981254785,False,False,39.07519280631834,Spring,2022,2,False,True,Quality sessions
125,2022-05-30 04:00:00+00:00,2511017,00:24:12,143516,84.83,14.44,26122.55,3063076272,11136057,False,17.496425485660136,False,False,39.53378252715932,Spring,2022,2,False,True,Quality sessions
126,2022-06-06 04:00:00+00:00,2684974,00:24:00,152767,87.06,14.58,26224.19,3065761246,11185835,False,17.57561515248712,False,False,37.85511517057521,Summer,2022,2,False,True,Quality sessions
127,2022-06-13 04:00:00+00:00,2939275,00:24:03,158366,89.12,14.94,26328.25,3068700521,11232063,False,18.560012881552858,False,False,35.403288225838004,Summer,2022,2,False,True,Quality sessions
128,2022-06-19 04:00:00+00:00,3065038,00:23:12,164308,91.16,14.82,26434.23,3071765559,11276221,False,18.65422255763566,False,False,34.57705907724471,Summer,2022,2,False,True,Quality sessions
129,2022-06-26 04:00:00+00:00,3118333,00:23:21,170532,95.95,16.0,26546.18,3074883892,11321069,False,18.285911148640725,False,False,35.90059175848121,Summer,2022,2,False,True,Quality sessions
130,2022-07-03 04:00:00+00:00,3158528,00:23:21,177501,97.55,15.38,26659.11,3078042420,11367127,False,17.794423693387643,False,False,35.75399679850867,Summer,2022,3,False,True,Quality sessions
131,2022-07-10 04:00:00+00:00,3249717,00:23:27,183451,98.1,16.35,26773.56,3081292137,11414846,False,17.714359692779,False,False,35.21845132976194,Summer,2022,3,False,True,Quality sessions
132,2022-07-17 04:00:00+00:00,3296880,00:23:17,189892,96.61,16.11,26886.29,3084589017,11462723,False,17.361868851768374,False,False,34.18990075465288,Summer,2022,3,False,True,Quality sessions
133,2022-07-24 04:00:00+00:00,3381214,00:23:13,192633,99.32,16.23,27001.85,3087970231,11508417,False,17.552620786677256,False,False,34.17411616064526,Summer,2022,3,False,True,Quality sessions
134,2022-07-31 04:00:00+00:00,3562922,00:23:15,199934,102.04,17.68,27121.57,3091505431,11557432,False,17.820490761951444,False,False,33.601633715248326,Summer,2022,3,False,True,Quality sessions
135,2022-08-07 04:00:00+00:00,3668886,00:23:14,208261,106.21,18.23,27244.46,3095068353,11606145,False,17.616769342315653,False,False,33.917652388218116,Summer,2022,3,False,True,Quality sessions
136,2022-08-14 04:00:00+00:00,3752859,00:23:40,214463,112.34,19.64,27368.9,3098737239,11655953,False,17.498864606015957,False,False,35.16785469424778,Summer,2022,3,False,True,Quality sessions
137,2022-08-21 04:00:00+00:00,3296456,00:23:14,219238,96.87,15.99,27613.74,3105786554,11763607,False,15.035970041689852,False,False,34.2367682141063,Summer,2022,3,False,True,Quality sessions
138,2022-08-28 04:00:00+00:00,4047052,00:23:12,226977,116.79,19.69,27750.22,3109833606,11819266,False,17.830229494618397,True,False,33.72331267302719,Summer,2022,3,False,True,Engaged Week
139,2022-09-04 04:00:00+00:00,4055208,00:23:15,231135,119.57,20.07,27889.86,3113888814,11873405,False,17.544759556103575,True,False,34.434731831264884,Fall,2022,3,False,True,Engaged Week
140,2022-09-11 04:00:00+00:00,4250937,00:22:55,231406,124.06,20.4,28034.31,3118139751,11922607,False,18.370037941972118,True,False,33.98309596213729,Fall,2022,3,False,True,Engaged Week
141,2022-09-18 04:00:00+00:00,4220300,00:22:52,230698,120.28,20.17,28174.77,3122360051,11970026,False,18.293613295303818,True,False,33.2796246712319,Fall,2022,3,False,True,Engaged Week
142,2022-09-25 04:00:00+00:00,4053315,00:22:55,227490,118.95,18.66,28312.39,3126413366,12012523,False,17.81755241988659,True,False,33.94998908300983,Fall,2022,3,False,True,Engaged Week
143,2022-10-02 04:00:00+00:00,4007644,00:22:47,229566,109.52,19.03,28440.93,3130421010,12056612,False,17.457480637376616,False,False,32.07620237725707,Fall,2022,4,False,True,Quality sessions
144,2022-10-09 04:00:00+00:00,4224905,00:22:57,237243,119.5,19.86,28440.39,3130421033,12102179,False,17.808344187183604,True,False,32.985357067200326,Fall,2022,4,False,True,Engaged Week
145,2022-10-16 04:00:00+00:00,4184761,00:23:10,238359,119.74,20.09,28440.39,3130421312,12102179,False,17.556547057170068,True,False,33.41409461615609,Fall,2022,4,False,True,Engaged Week
146,2022-10-23 04:00:00+00:00,4205425,00:23:10,238476,120.37,20.21,28440.39,3130421661,12197462,False,17.634583773629213,True,False,33.42825041464299,Fall,2022,4,False,True,Engaged Week
147,2022-10-30 04:00:00+00:00,4331459,00:23:04,245251,123.4,21.25,28440.39,3130421677,12248067,False,17.6613306367762,True,False,33.39521394523185,Fall,2022,4,False,True,Engaged Week
148,2022-11-06 04:00:00+00:00,4555980,00:23:00,250342,124.21,22.4,28440.39,3130421677,12248067,False,18.199023735529796,True,False,32.1796847220576,Fall,2022,4,False,True,Engaged Week
149,2022-11-13 05:00:00+00:00,4243050,00:23:06,238843,123.01,19.96,28440.39,3130421753,12287309,False,17.765017187022437,True,False,33.69510140111476,Fall,2022,4,False,True,Engaged Week
150,2022-11-20 05:00:00+00:00,4033075,00:22:52,230120,120.24,17.1,28440.39,3130421840,12320340,False,17.52596471406223,True,False,34.05342077695059,Fall,2022,4,False,True,Engaged Week
151,2022-11-27 05:00:00+00:00,3735131,00:23:20,227900,121.24,19.13,28580.39,3134153334,12357806,False,16.38934181658622,True,False,37.5810112148677,Fall,2022,4,False,True,Engaged Week
152,2022-12-04 05:00:00+00:00,4110764,00:23:02,235463,124.02,19.4,28580.39,3134153450,12396241,False,17.458216365203874,True,False,34.88889169993704,Winter,2022,4,False,True,Engaged Week
153,2022-12-11 05:00:00+00:00,4254462,00:22:57,238796,122.44,19.64,28721.39,3138403003,12436231,False,17.816303455669274,True,False,33.3955268609756,Winter,2022,4,False,True,Engaged Week
154,2022-12-18 05:00:00+00:00,3933744,00:23:02,229497,118.5,17.38,28856.39,3142331004,12469435,False,17.140720793735866,True,False,34.542156276565024,Winter,2022,4,False,True,Engaged Week
155,2022-12-25 05:00:00+00:00,3723756,00:23:13,224668,108.69,16.82,28856.39,3142333488,12506835,False,16.574483237488206,False,False,33.70521591640268,Winter,2022,4,False,True,Quality sessions
156,2023-01-01 05:00:00+00:00,3988549,00:23:21,239421,114.15,20.61,28856.39,3142336727,12566911,False,16.659144352416874,True,False,33.78672294109963,Winter,2023,1,False,True,Engaged Week
157,2023-01-08 05:00:00+00:00,4032283,00:23:12,238876,118.1,19.35,28856.39,3142339574,12606982,False,16.88023493360572,True,False,34.08738920358517,Winter,2023,1,False,True,Engaged Week
158,2023-01-15 05:00:00+00:00,3762205,00:23:28,215395,122.75,18.01,28856.39,3142339692,12635792,False,17.466538220478654,True,False,37.41422915550854,Winter,2023,1,False,True,Engaged Week
159,2023-01-22 05:00:00+00:00,3783569,00:23:10,217628,126.16,18.45,28998.39,3146115890,12666334,False,17.38548808057787,True,False,38.220526703755105,Winter,2023,1,False,True,Engaged Week
160,2023-01-29 05:00:00+00:00,3886575,00:23:03,220655,124.52,18.13,29140.39,3149994749,12696431,False,17.613808887176816,True,False,36.70326701530268,Winter,2023,1,False,True,Engaged Week
161,2023-02-05 05:00:00+00:00,3867097,00:23:08,222511,121.06,17.31,29278.39,3153853985,12725196,False,17.379352032034372,True,False,35.78136260869588,Winter,2023,1,False,True,Engaged Week
162,2023-02-12 05:00:00+00:00,4246577,00:23:16,232553,130.73,19.72,29278.39,3153854130,12759912,False,18.260684661131013,True,False,35.42853455853974,Winter,2023,1,False,True,Engaged Week
163,2023-02-19 05:00:00+00:00,4423464,00:23:19,245812,135.39,19.9,29433.39,3158266656,12802542,False,17.995313491611476,True,False,35.10597124787271,Winter,2023,1,False,True,Engaged Week
164,2023-02-26 05:00:00+00:00,4130936,00:23:30,240235,133.03,19.59,29433.39,3158269897,12840483,False,17.19539617457906,True,False,36.9456220091524,Winter,2023,1,False,True,Engaged Week
165,2023-03-05 05:00:00+00:00,4276715,00:23:13,241670,134.06,20.75,29433.39,3158278054,12875580,False,17.696507634377458,True,False,36.19834382230287,Spring,2023,1,False,True,Engaged Week
166,2023-03-12 05:00:00+00:00,4330962,00:23:23,242470,132.97,19.89,29433.39,3158281476,12909978,False,17.861846826411515,True,False,35.29469896064662,Spring,2023,1,False,True,Engaged Week
167,2023-03-19 04:00:00+00:00,4349778,00:23:24,245401,132.73,20.34,29585.39,3162619556,12947711,False,17.725184493950717,True,False,35.19030166597008,Spring,2023,1,False,True,Engaged Week
168,2023-03-26 04:00:00+00:00,4460714,00:23:29,247628,135.88,21.25,29741.39,3167068565,12983936,False,18.013770655983976,True,False,35.2253024964165,Spring,2023,1,False,True,Engaged Week
169,2023-04-02 04:00:00+00:00,4518949,00:23:23,251609,135.96,20.55,29741.39,3167079218,13022610,False,17.960204126243497,True,False,34.63415940299393,Spring,2023,2,False,True,Engaged Week
170,2023-04-09 04:00:00+00:00,4793907,00:23:21,269188,137.93,23.12,29741.39,3167079427,13076380,False,17.808769335928794,True,True,33.59472764073229,Spring,2023,2,True,True,High Value
171,2023-04-16 04:00:00+00:00,4833247,00:23:30,266777,143.66,22.95,29907.39,3171895538,13122959,False,18.11718026666467,True,True,34.47165021775216,Spring,2023,2,True,True,High Value
172,2023-04-23 04:00:00+00:00,4831826,00:23:10,267777,141.36,21.21,32570.61,3249086906,13168612,False,18.04421589606277,True,True,33.64566522056052,Spring,2023,2,True,True,High Value
173,2023-04-30 04:00:00+00:00,4802629,00:22:56,266526,138.95,21.37,32730.93,3253889535,13209532,False,18.01936396449127,True,True,33.38171655566149,Spring,2023,2,True,True,High Value
174,2023-05-07 04:00:00+00:00,4978576,00:22:51,274295,137.85,23.54,32892.32,3258868110,13263303,False,18.150443865181646,True,True,32.4168999328322,Spring,2023,2,True,True,High Value
175,2023-05-14 04:00:00+00:00,5031061,00:23:16,273506,141.12,22.88,37199.73,3376584236,15542720,False,18.394700664702054,True,True,32.59749782401764,Spring,2023,2,True,True,High Value
176,2023-05-21 04:00:00+00:00,4879811,00:23:30,274989,138.82,22.53,37361.08,3381464047,15591948,False,17.745477091810944,True,True,33.06480517380694,Spring,2023,2,True,True,High Value
177,2023-05-28 04:00:00+00:00,4933894,00:23:39,278184,140.57,23.3,37524.96,3386397941,15641105,False,17.736081154919045,True,True,33.213117265997205,Spring,2023,2,True,True,High Value
178,2023-06-04 04:00:00+00:00,5098548,00:22:23,278023,142.29,23.75,37691.01,3391496489,15689292,False,18.338583498487534,True,True,32.56613451516,Summer,2023,2,True,True,High Value
179,2023-06-11 04:00:00+00:00,4875135,00:23:45,276512,148.58,24.08,33720.25,3283686558,13503027,False,17.63082614859391,True,True,35.41645513406296,Summer,2023,2,True,True,High Value
180,2023-06-18 04:00:00+00:00,4970213,00:23:28,277625,149.11,23.4,33892.76,3288656771,13551199,False,17.902613237280505,True,True,34.708774050528625,Summer,2023,2,True,True,High Value
181,2023-06-25 04:00:00+00:00,4930763,00:23:35,277975,146.3,23.36,34062.43,3293587534,13597643,False,17.73815271157478,True,True,34.40846781725263,Summer,2023,2,True,True,High Value
182,2023-07-02 04:00:00+00:00,4984429,00:23:31,284276,148.73,23.01,34234.18,3298571963,13648039,False,17.53376648046265,True,True,34.45530069743194,Summer,2023,3,True,True,High Value
183,2023-07-09 04:00:00+00:00,4786929,00:23:28,279872,142.69,25.14,34402.01,3303358892,13698385,False,17.103993968671393,True,True,35.0600562490064,Summer,2023,3,True,True,High Value
184,2023-07-16 04:00:00+00:00,4883904,00:23:27,283135,145.95,23.63,34571.59,3308242796,13748183,False,17.249382803256395,True,True,34.722222222222214,Summer,2023,3,True,True,High Value
185,2023-07-23 04:00:00+00:00,3839117,00:25:23,271599,137.78,20.73,34730.11,3312081913,13790916,False,14.13523982047062,True,True,41.28813995509905,Summer,2023,3,True,True,High Value
186,2023-07-30 04:00:00+00:00,4415252,00:24:05,277793,138.19,22.24,34890.54,3316497161,13840587,False,15.894036206815867,True,True,36.33541188589009,Summer,2023,3,True,True,High Value
187,2023-08-06 04:00:00+00:00,5239199,00:23:38,292911,158.76,25.99,35075.29,3321736360,13897652,False,17.886658404771413,True,True,35.26302398515498,Summer,2023,3,True,True,High Value
188,2023-08-13 04:00:00+00:00,5197777,00:23:29,295216,156.91,24.63,35256.84,3326934137,13954001,False,17.60669137174137,True,True,34.92646952726137,Summer,2023,3,True,True,High Value
189,2023-08-20 04:00:00+00:00,5252529,00:23:28,297266,154.14,24.64,35435.62,3332186666,14011451,False,17.669457657451574,True,True,34.03693725441592,Summer,2023,3,True,True,High Value
190,2023-08-27 04:00:00+00:00,5226917,00:23:31,297622,157.92,25.13,35618.66,3337413583,14068286,False,17.56226690231233,True,True,35.02064410052809,Summer,2023,3,True,True,High Value
191,2023-09-03 04:00:00+00:00,5353246,00:23:30,300441,159.52,26.44,35804.62,3342766829,14124513,False,17.817960930765107,True,True,34.73780207373246,Fall,2023,3,True,True,High Value
192,2023-09-10 04:00:00+00:00,5223012,00:23:27,298211,154.63,24.35,35983.61,3347989840,14175490,False,17.514484710490223,True,True,34.267583532260694,Fall,2023,3,True,True,High Value
193,2023-09-17 04:00:00+00:00,5513829,00:23:19,302708,159.74,25.77,36169.11,3353503602,14227398,False,18.215009183767854,True,True,33.644496410751955,Fall,2023,3,True,True,High Value
194,2023-09-24 04:00:00+00:00,5217859,00:23:30,301045,156.13,23.71,36348.95,3358721461,14276403,False,17.33248849839725,True,True,34.46624372180237,Fall,2023,3,True,True,High Value
195,2023-10-01 04:00:00+00:00,4919711,00:23:28,295434,149.41,22.87,36521.23,3363641172,14321530,False,16.65248752682494,True,True,35.01831713285598,Fall,2023,4,True,True,High Value
196,2023-10-08 04:00:00+00:00,5423843,00:23:34,306410,158.28,25.45,36704.96,3369065015,14372769,False,17.70125975000816,True,True,33.87450558579959,Fall,2023,4,True,True,High Value
197,2023-10-15 04:00:00+00:00,5271828,00:23:39,306576,155.58,25.57,36886.11,3374336843,14420604,False,17.195827462032252,True,True,34.361894963189236,Fall,2023,4,True,True,High Value
198,2023-10-22 04:00:00+00:00,5398708,00:23:19,308183,151.82,24.81,37062.73,3379735451,14469804,False,17.517864385770793,True,True,32.71708712528998,Fall,2023,4,True,True,High Value
199,2023-10-29 04:00:00+00:00,5743315,00:23:14,319553,160.2,25.43,37248.36,3385478766,14525256,False,17.97296536098863,True,True,32.32105500046576,Fall,2023,4,True,True,High Value
200,2023-11-05 04:00:00+00:00,5632052,00:23:11,319096,154.96,25.13,37428.45,3391110818,14576282,False,17.650023817283827,True,True,31.97591215422017,Fall,2023,4,True,True,High Value
201,2023-11-12 05:00:00+00:00,5302238,00:23:36,306918,159.72,24.33,37612.5,3396413056,14616604,False,17.275747919639773,True,True,34.711757563504314,Fall,2023,4,True,True,High Value
202,2023-11-19 05:00:00+00:00,5343473,00:23:32,304283,164.19,24.53,37801.22,3401756527,14655834,False,17.560866035894218,True,True,35.31785413718755,Fall,2023,4,True,True,High Value
203,2023-11-26 05:00:00+00:00,4691377,00:23:41,297100,146.81,22.41,37970.44,3406447904,14695544,False,15.790565466173005,True,True,36.07043305195894,Fall,2023,4,True,True,High Value
204,2023-12-03 05:00:00+00:00,5165412,00:23:38,307243,153.08,23.54,38147.06,3411613287,14737696,False,16.812138925866495,True,True,34.192819469192386,Winter,2023,4,True,True,High Value
205,2023-12-10 05:00:00+00:00,5297784,00:23:30,308622,157.81,25.27,38330.14,3416911071,14781104,False,17.16593113906332,True,True,34.55784531796691,Winter,2023,4,True,True,High Value
206,2023-12-17 05:00:00+00:00,5171875,00:23:40,308622,154.4,24.68,38509.23,3422082946,14820681,False,16.757959575143705,True,True,34.62574018126888,Winter,2023,4,True,True,High Value
207,2023-12-24 05:00:00+00:00,4991847,00:23:38,302184,147.02,22.64,38678.9,3427074793,14865137,False,16.51923000555953,True,True,33.987419886867535,Winter,2023,4,True,True,High Value
208,2023-12-31 05:00:00+00:00,4783389,00:24:04,305651,142.53,23.7,38845.12,3431858182,14926663,False,15.649839195683967,True,True,34.751511951045586,Winter,2023,4,True,True,High Value
209,2024-01-07 05:00:00+00:00,4835625,00:23:55,309282,141.8,22.95,39009.86,3436693802,14971258,False,15.635003006964517,True,True,34.070052992115805,Winter,2024,1,True,True,High Value
210,2024-01-14 05:00:00+00:00,4699333,00:23:50,284171,150.41,22.13,39182.4,3441393135,15004872,False,16.536990051764608,True,True,36.71584882365221,Winter,2024,1,True,True,High Value
211,2024-01-21 05:00:00+00:00,4232226,00:24:05,273250,142.14,20.36,39344.91,3445625361,15032667,False,15.488475754803293,True,True,38.39587016383341,Winter,2024,1,True,True,High Value
212,2024-01-28 05:00:00+00:00,4710722,00:24:05,284729,155.97,23.18,39524.05,3450336083,15067447,False,16.544580987535515,True,True,38.03026372602756,Winter,2024,1,True,True,High Value
213,2024-02-04 05:00:00+00:00,4978319,00:23:46,292959,160.57,22.62,39707.24,3455314402,15104079,False,16.99322772128523,True,True,36.7975615865516,Winter,2024,1,True,True,High Value
214,2024-02-11 05:00:00+00:00,5260176,00:23:53,301753,164.97,24.31,39896.52,3460574578,15144057,False,17.432058670502034,True,True,35.983586860971954,Winter,2024,1,True,True,High Value
215,2024-02-18 05:00:00+00:00,4959118,00:23:53,301700,154.98,24.43,40075.93,3465533696,15183349,False,16.437248922770966,True,True,36.17780419824654,Winter,2024,1,True,True,High Value
216,2024-02-25 05:00:00+00:00,4972753,00:24:13,305726,171.19,25.54,40272.66,3470506449,15229858,False,16.265391232672393,True,True,39.56158691171671,Winter,2024,1,True,True,High Value
217,2024-03-03 05:00:00+00:00,5314141,00:23:45,310357,175.55,25.02,40473.23,3475820590,15268890,False,17.122671632990397,True,True,37.7426944448783,Spring,2024,1,True,True,High Value
218,2024-03-10 05:00:00+00:00,5268013,00:23:36,311287,165.72,24.25,40663.19,3481088603,15308732,False,16.923331202395218,True,True,36.061034777249034,Spring,2024,1,True,True,High Value
219,2024-03-17 04:00:00+00:00,2588382,00:23:51,270152,82.98,13.28,40759.45,3483676985,15339944,False,9.581206135805028,False,False,37.189255681734764,Spring,2024,1,False,False,Quality sessions
220,2024-03-24 04:00:00+00:00,4753637,00:23:47,293347,154.76,22.53,41002.18,3489168600,15380193,False,16.20482568425789,True,True,37.295653833054565,Spring,2024,1,True,True,High Value
221,2024-03-31 04:00:00+00:00,4495197,00:31:12,402345,170.21,27.09,41199.49,3493663797,15438718,False,11.172493755359207,True,True,43.89129108245979,Spring,2024,1,True,True,High Value
222,2024-04-07 04:00:00+00:00,4222665,00:34:08,132672,209.27,30.5,41439.26,3497886462,15513068,False,31.827853654124457,True,True,56.78167697413837,Spring,2024,2,True,True,High Value
223,2024-04-14 04:00:00+00:00,5298115,00:33:34,156854,245.6,36.02,41720.87,3503184577,15579249,False,33.77736621316638,True,True,53.154754096504135,Spring,2024,2,True,True,High Value
224,2024-04-21 04:00:00+00:00,5985633,00:33:30,173620,190.68,31.27,41710.19,3508298274,15610750,False,34.47548093537611,True,True,37.08045581812317,Spring,2024,2,True,True,High Value
225,2024-04-28 04:00:00+00:00,6322536,00:33:20,186472,198.45,34.26,41942.9,3514620810,15668785,False,33.90608777725342,True,True,36.80643336787643,Spring,2024,2,True,True,High Value
226,2024-05-05 04:00:00+00:00,7011479,00:32:51,203323,206.64,34.93,42184.47,3521632289,15724268,False,34.484436094293315,True,True,34.45350117999355,Spring,2024,2,True,True,High Value
227,2024-05-12 04:00:00+00:00,7303526,00:32:44,210096,213.62,35.2,42433.29,3528935815,15776187,False,34.762803670702915,True,True,34.068475966266156,Spring,2024,2,True,True,High Value
228,2024-05-19 04:00:00+00:00,7426039,00:32:56,217966,220.02,35.57,42688.89,3536361854,15827505,False,34.06971270748649,True,True,34.41807940949408,Spring,2024,2,True,True,High Value
229,2024-05-26 04:00:00+00:00,7998999,00:32:48,230549,236.58,38.41,42963.88,3544360853,15879980,False,34.695440014920905,True,True,34.37805155370066,Spring,2024,2,True,True,High Value
230,2024-06-02 04:00:00+00:00,4033902,00:32:44,237971,122.67,19.85,42210.32,3522671513,15930092,False,16.951233553668303,True,False,35.33055587369252,Summer,2024,2,False,True,Engaged Week
231,2024-06-09 04:00:00+00:00,4215837,00:32:51,246241,129.04,20.43,42359.79,3526887350,15980814,False,17.120775987751838,True,False,35.454406799883394,Summer,2024,2,False,True,Engaged Week
232,2024-06-19 04:00:00+00:00,4387957,00:33:01,255221,132.94,20.57,42513.31,3531275307,16021103,False,17.192774105579087,True,False,34.98439022989514,Summer,2024,2,False,True,Engaged Week
233,2024-06-23 04:00:00+00:00,4339333,00:32:58,259733,130.66,20.07,42664.03,3535614640,16069742,False,16.706899007827268,True,False,34.735753167595114,Summer,2024,2,False,True,Engaged Week
234,2024-06-30 04:00:00+00:00,4568293,00:32:52,275603,135.38,21.59,42821.0,3540182933,16106817,False,16.57562871231445,True,False,34.36075575712854,Summer,2024,2,False,True,Engaged Week
235,2024-07-07 04:00:00+00:00,4454315,00:32:57,277826,132.12,20.73,42973.85,3544637248,16123196,False,16.032750714475966,True,False,34.31504058424247,Summer,2024,3,False,True,Engaged Week
236,2024-07-14 04:00:00+00:00,4657016,00:32:51,285278,136.71,20.67,43131.22,3549294264,16140278,False,16.324483486283555,True,False,33.79417206211016,Summer,2024,3,False,True,Engaged Week
237,2024-07-21 04:00:00+00:00,4769327,00:32:46,291552,140.09,21.22,43292.54,3554063591,16194713,False,16.358409477554606,True,True,33.822382067742474,Summer,2024,3,True,True,High Value
238,2024-07-28 04:00:00+00:00,4923464,00:32:48,300564,144.55,22.46,43459.55,3558987055,16252889,False,16.380750855059155,True,True,33.92123919256849,Summer,2024,3,True,True,High Value
239,2024-08-04 04:00:00+00:00,4878082,00:32:47,303152,147.61,21.84,43629.0,3563865137,16308454,False,16.09120837071832,True,True,34.737013440938476,Summer,2024,3,True,True,High Value
240,2024-08-11 04:00:00+00:00,4847343,00:32:36,305100,141.25,21.64,43791.9,3568712480,16364235,False,15.88771878072763,True,True,33.603976446478,Summer,2024,3,True,True,High Value
241,2024-08-18 04:00:00+00:00,4697428,00:32:45,307134,135.78,21.65,43949.33,3573409908,16420097,False,15.294392675509712,True,False,33.51408472891974,Summer,2024,3,False,True,Engaged Week
242,2024-08-25 04:00:00+00:00,5084157,00:32:44,311698,147.63,23.61,44120.57,3578494065,16478191,False,16.311163369671927,True,True,33.68109993456142,Summer,2024,3,True,True,High Value
243,2024-09-01 04:00:00+00:00,5125738,00:32:44,314601,153.02,23.42,44297.01,3583619803,16534631,False,16.2928217011389,True,True,34.42236025329426,Fall,2024,3,True,True,High Value
244,2024-09-08 04:00:00+00:00,5152799,00:33:07,315923,153.85,24.42,44475.28,3588772602,16586963,False,16.310300294692063,True,True,34.59673082532425,Fall,2024,3,True,True,High Value
245,2024-09-15 04:00:00+00:00,5221695,00:32:48,317262,154.14,25.98,44655.39,3593994297,16640596,False,16.458620950507783,True,True,34.49454631111161,Fall,2024,3,True,True,High Value
246,2024-09-22 04:00:00+00:00,4863331,00:32:28,317280,147.23,24.09,44826.71,3598857628,16686436,False,15.328199067070095,True,True,35.22688461879317,Fall,2024,3,True,True,High Value
247,2024-09-29 04:00:00+00:00,4841909,00:32:36,298721,143.1,21.99,44991.8,3603699537,16740373,False,16.208800184787812,True,True,34.09605591513595,Fall,2024,3,True,True,High Value
248,2024-10-06 04:00:00+00:00,5003913,00:32:39,307076,149.26,23.64,45164.71,3608703450,16795839,False,16.29535684977009,True,True,34.55295885440054,Fall,2024,4,True,True,High Value
249,2024-10-13 04:00:00+00:00,5055925,00:32:43,307428,146.77,23.29,45334.77,3613759375,16849075,False,16.445883263723537,True,True,33.63578375865939,Fall,2024,4,True,True,High Value
250,2024-10-20 04:00:00+00:00,4926229,00:33:01,309401,141.32,22.88,45498.97,3618685604,16901386,False,15.92182636772344,True,True,33.33178380460998,Fall,2024,4,True,True,High Value
251,2024-10-27 04:00:00+00:00,5202953,00:32:49,317084,150.59,24.56,45674.12,3623888557,16958460,False,16.408752885670673,True,True,33.66357528119128,Fall,2024,4,True,True,High Value
252,2024-11-03 04:00:00+00:00,5328440,00:33:02,323629,151.53,25.92,45851.57,3629216997,17015184,False,16.464655516038427,True,True,33.30242997950619,Fall,2024,4,True,True,High Value
253,2024-11-10 05:00:00+00:00,4939313,00:33:09,308463,146.73,22.65,46020.95,3634156310,17062427,False,16.012659541014642,True,True,34.292218371259324,Fall,2024,4,True,True,High Value
254,2024-11-17 05:00:00+00:00,4848714,00:32:29,303912,137.55,21.14,46179.64,3639005024,17108079,False,15.954335465529496,True,False,32.728265680343284,Fall,2024,4,False,True,Engaged Week
255,2024-11-24 05:00:00+00:00,4503162,00:32:56,299981,130.53,19.73,46329.9,3643508186,17152363,False,15.011490727746091,True,False,33.367664765336,Fall,2024,4,False,True,Engaged Week
256,2024-12-01 05:00:00+00:00,4142848,00:32:56,288939,121.96,19.31,46471.16,3647651034,17202448,False,14.338140576384635,True,False,34.09973042699128,Winter,2024,4,False,True,Engaged Week
257,2024-12-08 05:00:00+00:00,4239651,00:32:31,273264,115.31,18.56,46605.03,3651890685,17254588,False,15.514853767784999,True,False,31.57571224612592,Winter,2024,4,False,True,Engaged Week
258,2024-12-15 05:00:00+00:00,4065111,00:32:14,259633,111.88,17.57,46734.48,3655955796,17304083,False,15.6571429671883,False,False,31.844148905159045,Winter,2024,4,False,True,Quality sessions
259,2024-12-22 05:00:00+00:00,3980505,00:32:15,255335,109.92,17.31,46861.71,3659936301,17355262,False,15.58934341159653,False,False,31.963281040973445,Winter,2024,4,False,True,Quality sessions
260,2024-12-29 05:00:00+00:00,3630688,00:33:06,251755,101.6,18.47,46981.78,3663566969,17417837,False,14.421512978888204,False,False,33.070867009228,Winter,2024,4,False,True,Quality sessions
261,2025-01-05 05:00:00+00:00,3883340,00:32:29,259883,101.23,18.86,47101.87,3667450309,17476570,False,14.942647268193765,False,False,30.924410430196687,Winter,2025,1,False,True,Quality sessions
262,2025-01-12 05:00:00+00:00,3565641,00:32:42,233480,98.49,14.96,47215.33,3671015950,17517613,False,15.271719205071099,False,False,31.8175609939419,Winter,2025,1,False,True,Quality sessions
263,2025-01-19 05:00:00+00:00,3607929,00:32:54,231960,103.62,15.54,47334.49,3674623879,17559425,False,15.554099844800827,False,False,33.027257465432385,Winter,2025,1,False,True,Quality sessions
264,2025-01-26 05:00:00+00:00,3328676,00:33:13,224670,97.32,14.71,47446.52,3677952555,17597782,False,14.815845462233497,False,False,33.65602419700806,Winter,2025,1,False,True,Quality sessions
265,2025-02-02 05:00:00+00:00,3646989,00:32:43,234612,105.9,16.05,47568.48,3681599544,17641438,False,15.54476753107258,False,False,33.43854341211339,Winter,2025,1,False,True,Quality sessions
266,2025-02-09 05:00:00+00:00,3701801,00:32:46,234979,107.45,16.44,47692.38,3685301345,17684156,False,15.753752462986053,False,False,33.46749325531005,Winter,2025,1,False,True,Quality sessions
267,2025-02-16 05:00:00+00:00,3438016,00:32:19,224788,102.7,16.83,47811.91,3688739361,17724567,False,15.294481911845828,False,False,34.76714477186842,Winter,2025,1,False,True,Quality sessions
268,2025-02-23 05:00:00+00:00,3494559,00:32:26,227521,102.23,15.85,47929.98,3692233920,17765470,False,15.359281121303088,False,False,33.78967131474958,Winter,2025,1,False,True,Quality sessions
269,2025-03-02 05:00:00+00:00,3778483,00:31:58,230797,111.19,17.43,48058.6,3696012403,17817270,False,16.371456301425063,False,False,34.04011609950342,Spring,2025,1,False,True,Quality sessions
270,2025-03-09 05:00:00+00:00,3664637,00:32:04,229704,103.82,17.1,48179.52,3699677040,17862846,False,15.953736112562254,False,False,32.99644685135253,Spring,2025,1,False,True,Quality sessions
271,2025-03-16 04:00:00+00:00,3833467,00:32:06,234706,110.44,18.79,48308.74,3703510507,17912135,False,16.333059231549257,False,False,33.710998425185345,Spring,2025,1,False,True,Quality sessions
272,2025-03-23 04:00:00+00:00,3752572,00:31:56,230544,106.07,18.37,48433.19,3707263079,17958624,False,16.27703171628843,False,False,33.161255800021955,Spring,2025,1,False,True,Quality sessions
273,2025-03-30 04:00:00+00:00,3730849,00:32:00,232304,107.62,18.12,48558.93,3710993928,18006762,False,16.06020128796749,False,False,33.70278454046251,Spring,2025,1,False,True,Quality sessions
274,2025-04-06 04:00:00+00:00,3863496,00:31:32,230965,112.18,18.99,48690.1,3714857424,18056253,False,16.727625397787545,False,False,33.951115777006116,Spring,2025,2,False,True,Quality sessions
275,2025-04-13 04:00:00+00:00,3573337,00:31:52,229889,100.81,17.36,48808.26,3718430761,18105777,False,15.543749374698224,False,False,33.06992875287162,Spring,2025,2,False,True,Quality sessions
276,2025-04-20 04:00:00+00:00,3860293,00:32:15,239553,113.47,22.45,48944.18,3722291054,18169407,False,16.114567548726168,True,False,35.209762575016974,Spring,2025,2,False,True,Engaged Week
277,2025-04-27 04:00:00+00:00,4008773,00:32:09,243682,119.6,21.15,49084.94,3726299827,18228693,False,16.450837566993048,True,False,35.110493909233575,Spring,2025,2,False,True,Engaged Week
278,2025-05-04 04:00:00+00:00,4065430,00:32:12,241798,124.65,20.64,49230.23,3730365257,18286402,False,16.813331789344826,True,False,35.73791702230761,Spring,2025,2,False,True,Engaged Week
279,2025-05-11 04:00:00+00:00,3802487,00:31:54,234957,115.56,18.78,49364.57,3734167744,18339256,False,16.183757027881697,True,False,35.329509344805125,Spring,2025,2,False,True,Engaged Week
280,2025-05-18 04:00:00+00:00,3736450,00:32:01,230447,113.97,18.21,49496.75,3737904194,18392080,False,16.213923375005965,True,False,35.37582464638895,Spring,2025,2,False,True,Engaged Week
281,2025-05-25 04:00:00+00:00,3613108,00:32:05,227800,110.1,17.7,49624.54,3741517302,18443650,False,15.86087796312555,False,False,35.371209496090344,Spring,2025,2,False,True,Quality sessions
282,2025-06-01 04:00:00+00:00,3684031,00:32:22,228949,116.39,19.21,49760.14,3745201333,18498997,False,16.091055213169746,True,False,36.80750786299029,Summer,2025,2,False,True,Engaged Week
283,2025-06-08 04:00:00+00:00,3756262,00:32:22,228722,116.82,19.09,49896.05,3748957595,18553455,False,16.42282771224456,True,False,36.182247138245415,Summer,2025,2,False,True,Engaged Week
284,2025-06-15 04:00:00+00:00,3659894,00:32:11,219665,115.24,18.17,50029.47,3755752973,18607045,False,16.66125236155054,True,False,36.4518753821832,Summer,2025,2,False,True,Engaged Week
285,2025-06-22 04:00:00+00:00,3135484,00:34:19,219665,108.69,17.4,50155.56,3752617489,18658952,False,14.273935310586575,False,False,40.21388723399641,Summer,2025,2,False,True,Quality sessions
286,2025-06-29 04:00:00+00:00,2823529,00:33:54,209914,99.18,15.32,50270.06,3758576502,18713093,False,13.450884647998704,False,False,40.55208924717968,Summer,2025,2,False,True,Quality sessions
287,2025-07-06 04:00:00+00:00,2729515,00:34:02,204336,96.9,15.24,50382.21,3761306017,18766286,False,13.357974121055516,False,False,41.08422192220962,Summer,2025,3,False,True,Quality sessions
288,2025-07-13 04:00:00+00:00,3530203,00:32:26,220907,117.41,18.03,50517.64,3764836220,18825366,False,15.980494054058948,True,False,38.36606563418591,Summer,2025,3,False,True,Engaged Week
289,2025-07-20 04:00:00+00:00,3508577,00:32:31,221008,115.92,17.88,50651.45,3768344797,18883886,False,15.87533935423152,True,False,38.135118596513635,Summer,2025,3,False,True,Engaged Week
290,2025-07-27 04:00:00+00:00,3605858,00:32:46,225524,122.33,18.98,50792.76,3771950655,18945682,False,15.988799418243735,True,False,39.18900855219479,Summer,2025,3,False,True,Engaged Week
291,2025-08-03 04:00:00+00:00,3496379,00:32:05,221569,117.77,18.32,50928.85,3775447034,19004164,False,15.780091077722966,True,False,38.92312589682068,Summer,2025,3,False,True,Engaged Week
292,2025-08-10 04:00:00+00:00,3553727,00:32:18,223863,123.73,19.02,51071.6,3779000761,19066470,False,15.874561673880901,True,False,40.169095712754526,Summer,2025,3,False,True,Engaged Week
293,2025-08-17 04:00:00+00:00,3383408,00:32:37,219315,118.37,18.16,51208.13,3782384169,19125607,False,15.427161844835055,True,False,40.35280403663998,Summer,2025,3,False,True,Engaged Week
294,2025-08-24 04:00:00+00:00,3410694,00:32:38,219022,119.72,19.03,51346.88,3785794863,19186520,False,15.57238085671759,True,False,40.68087022758418,Summer,2025,3,False,True,Engaged Week
295,2025-08-31 04:00:00+00:00,3514042,00:32:47,220347,125.73,19.75,51492.35,3789308905,19248889,False,15.947764208271499,True,False,41.39961901422921,Summer,2025,3,False,True,Engaged Week
296,2025-09-07 04:00:00+00:00,3441776,00:33:59,218942,124.08,19.76,51636.19,3792750681,19306948,False,15.720035443176732,True,False,41.792376958872396,Fall,2025,3,False,True,Engaged Week
297,2025-09-14 04:00:00+00:00,3559167,00:32:48,218422,127.53,19.76,51783.47,3796309848,19366536,False,16.294910769061726,True,False,41.38327872785964,Fall,2025,3,False,True,Engaged Week
298,2025-09-21 04:00:00+00:00,3535639,00:32:51,219953,130.08,19.62,51933.18,3799845487,19423364,False,16.074520465735862,True,False,42.34029548831202,Fall,2025,3,False,True,Engaged Week
299,2025-09-28 04:00:00+00:00,3432378,00:32:42,217730,128.86,19.09,52081.13,3803277865,19479585,False,15.764377899232995,True,False,43.10422686545597,Fall,2025,3,False,True,Engaged Week
